{"tsb/core/utils.ts":"tsb_utils.ts_16","tsb/core/global.ts":"tsb_global.ts_4","tsb/core/config.ts":"tsb_config.ts_1","tsb/core/output.ts":"tsb_output.ts_5","tsb/core/types.ts":"tsb_types.ts_15","tsb/core/context.ts":"tsb_context.ts_2","tsb/core/engine.ts":"tsb_engine.ts_3","tsb/core/structure.ts":"tsb_structure.ts_7","tsb/core/plugin.ts":"tsb_plugin.ts_6","tsb/core/transpiler.ts":"tsb_transpiler.ts_14","tsb/core/task.ts":"tsb_task.ts_8","tsb/core/tasks/build.ts":"tsb_build.ts_9","tsb/core/tasks/sync.ts":"tsb_sync.ts_12","tsb/core/tasks/init.ts":"tsb_init.ts_10","tsb/core/tasks/pack.ts":"tsb_pack.ts_11","tsb/core/tasks/use.ts":"tsb_use.ts_13","tsb/core/bin/tsb.ts":"tsb_tsb.ts_0"}