{"tsb/core/utils.ts":"tsb_utils_16","tsb/core/global.ts":"tsb_global_4","tsb/core/config.ts":"tsb_config_1","tsb/core/output.ts":"tsb_output_5","tsb/core/types.ts":"tsb_types_15","tsb/core/context.ts":"tsb_context_2","tsb/core/engine.ts":"tsb_engine_3","tsb/core/structure.ts":"tsb_structure_7","tsb/core/plugin.ts":"tsb_plugin_6","tsb/core/transpiler.ts":"tsb_transpiler_14","tsb/core/task.ts":"tsb_task_8","tsb/core/tasks/build.ts":"tsb_build_9","tsb/core/tasks/sync.ts":"tsb_sync_12","tsb/core/tasks/use.ts":"tsb_use_13","tsb/core/tasks/init.ts":"tsb_init_10","tsb/core/tasks/pack.ts":"tsb_pack_11","tsb/core/bin/tsb.ts":"tsb_tsb_0"}